156296057,"",b89dd4b9-bb9f-8b47-8f9b-c251c22a40a1,59165,2X2ARABIA,2,2,"",false,false,0,"",0,"",false,false,true,0,9,200,false,0,0,0,"","",brazilsouth,false,2,0,true,false,0,false,1,1,0,1650931194,1650931194,1650931381
156295974,109775240942220653,25402258-0460-1344-b102-c4f50a5142dc,59165,VS AI - come to DIE,7,7,1424,false,false,0,"",0,"",false,true,true,5,147,300,false,0,0,0,"","",brazilsouth,true,3,0,true,false,0,true,1,1,1,1650931201,1650931201,1650934289
156296424,109775240942227796,1df6a01c-183b-ac4f-a9df-cb7c8eac8716,59165,MITOLO,2,2,1068,false,false,5,"",0,"",true,false,true,0,9,200,false,0,0,0,"","",brazilsouth,true,2,0,false,false,0,false,1,1,0,1650931202,1650931202,1650933209
156294664,"",9d13cb6a-96bc-a841-9dc9-57f96db259a8,59165,Partida de InK_,5,5,"",false,false,0,"",0,"",false,true,true,2,9,200,false,0,0,0,"","",brazilsouth,false,1,0,true,false,0,false,9,1,0,1650931188,1650931188,1650932836
156296590,"",0267f160-bf17-a74b-8813-fb7806356e46,59165,AUTOMATCH,2,2,"",false,false,5,"",0,"",true,true,true,0,72,200,true,3,2,1,"","",ukwest,false,2,2,true,true,0,false,1,0,0,1650931207,1650931207,1650932378
156296513,"",ff19e9f2-92b3-1a41-b2aa-ce2cfc8b371a,59165,AUTOMATCH,2,2,"",false,false,5,"",0,"",true,true,true,0,149,200,true,3,2,1,"","",eastus,false,2,2,true,true,0,false,1,0,0,1650931210,1650931210,1650932641
156296509,"",9cea6711-4dc0-414e-9bb0-3c1dc27bc480,59165,AUTOMATCH,4,4,"",false,false,5,"",0,"",true,true,true,2,31,200,true,4,4,1,"","",eastus,false,2,2,true,true,0,false,1,0,0,1650931213,1650931213,1650933360
156296501,"",cde9a403-5802-734b-a47f-32388ac602ed,59165,AUTOMATCH,2,2,"",false,false,5,"",0,"",true,true,true,0,149,200,true,3,2,1,"","",brazilsouth,false,2,2,true,true,0,false,1,0,0,1650931208,1650931208,1650933067
156296585,"",c3def413-fd2b-8f48-8ca8-7080d272c57f,59165,AUTOMATCH,2,2,"",false,false,5,"",0,"",true,true,true,0,9,200,true,3,2,1,"","",westus2,false,2,2,true,true,0,false,1,0,0,1650931212,1650931212,1650932796
156296573,"",22b5a070-a067-654b-8037-7461993c19ff,59165,AUTOMATCH,2,2,"",false,false,5,"",0,"",true,true,true,0,9,200,"","",5,1,"","",brazilsouth,false,2,2,true,true,0,false,9,0,0,1650931213,1650931213,1650933046
156295617,"",b2f91cf6-55b1-a046-bcb5-5e50aa8665ab,59165,3 VS 3 SADECE TÜRKLER NOOB,6,6,"",false,false,0,"",0,"",false,true,true,3,149,200,false,0,0,0,"","",westeurope,true,3,0,true,true,0,false,1,1,0,1650931218,1650931218,1650932610
156296029,109775240942221332,e9acf6f4-be72-2a42-bc54-ed91ced0de4b,59165,2v2 Sahur nob,4,4,1219,false,true,0,"",0,"",false,true,true,2,154,300,false,0,0,3,"","",westeurope,true,3,0,true,false,30,true,9,1,0,1650931220,1650931220,1650933509
156295867,109775240942218688,0d69be17-36ba-7543-a7b0-00ef32d23172,59165,Игра 07.04.1972,1,1,"",false,false,0,"",15,"",false,false,true,1,13,200,false,0,0,0,"",34959,eastus,false,2,0,true,false,0,false,0,1,0,1650931221,1650931221,1650933824
156296523,"",e1c04bd4-13b2-494e-8a13-2f3bc0115470,59165,AUTOMATCH,6,6,"",false,false,5,"",0,"",true,true,true,3,29,200,true,4,4,1,"","",eastus,false,2,2,true,true,0,false,1,0,0,1650931219,1650931219,1650932105
156296577,"",6dac69e2-370c-0b47-bb0a-8f85047b6776,59165,AUTOMATCH,2,2,"",false,false,5,"",0,"",true,true,true,0,9,200,true,3,2,1,"","",brazilsouth,false,2,2,true,true,0,false,1,0,0,1650931225,1650931225,1650932854
156296502,109775240942229304,e18045d6-2b02-904f-850e-c2030f05db5e,59165,AUTOMATCH,8,8,"",false,false,5,"",0,"",true,true,true,4,77,200,"","",6,1,"","",eastus,false,2,2,true,true,0,false,9,0,0,1650931229,1650931229,1650932909
156296643,"",c5bfda83-f2be-4f46-a3b4-70041b94f491,59165,AUTOMATCH,2,2,"",false,false,5,"",0,"",true,true,true,0,9,200,true,3,2,1,"","",brazilsouth,false,2,2,true,true,0,false,1,0,0,1650931239,1650931239,1650931632
156296589,109775240942230872,ea3ecba9-3506-e04b-a01d-b4b76b3caa1d,59165,AUTOMATCH,2,2,"",false,false,5,"",0,"",true,true,true,0,72,200,"","",5,1,"","",brazilsouth,false,2,2,true,true,0,false,9,0,0,1650931241,1650931241,1650932969
156296596,"",54bc32e0-b5cf-8e45-a610-44dab4c54363,59165,AUTOMATCH,2,2,"",false,false,5,"",0,"",true,true,true,0,9,200,true,3,2,1,"","",eastus,false,2,2,true,true,0,false,1,0,0,1650931241,1650931241,1650932440
156296639,"",972b53a3-cbb5-874e-9349-d0c209ab938e,59165,AUTOMATCH,2,2,"",false,false,5,"",0,"",true,true,true,0,9,200,true,3,2,1,"","",ukwest,false,2,2,true,true,0,false,1,0,0,1650931235,1650931235,1650932479
156296653,"",8de2378c-3d73-4c48-96dc-7aebfb120afb,59165,AUTOMATCH,2,2,"",false,false,5,"",0,"",true,true,true,0,9,200,true,3,2,1,"","",brazilsouth,false,2,2,true,true,0,false,1,0,0,1650931242,1650931242,1650931624
156296261,109775240942225112,151c6080-9abc-204a-8bb0-c9a88c739e59,59165,4:4 ai,4,4,1273,false,false,0,"",0,"",false,true,true,5,29,300,false,0,0,2,"","",koreacentral,true,2,0,true,false,0,false,9,1,1,1650931242,1650931242,1650933179
156296313,"",bd2fdbc5-c01a-7d43-8a53-be7cfb566c96,59165,Arabia 4v4 seminoobs,8,8,"",false,false,0,"",0,"",false,false,false,4,9,200,false,0,0,0,"","",brazilsouth,false,2,0,true,true,0,false,9,1,0,1650931240,1650931240,1650932001
156296341,109775240942226346,b345bfe8-2ba6-3040-b2d5-040b688a9ca0,59165,3v3 BF [NOOBS],6,6,1374,false,false,0,"",0,"",false,true,true,3,12,300,false,0,0,0,"","",ukwest,true,2,0,true,false,0,false,1,1,1,1650931242,1650931242,1650933704
156296380,"",7b3819f5-f2d8-ea46-9a89-a04e32618669,59165,CBA 6x PICK CIV NO NOOBS [[Motz144] CBA - 6x Team Gunpowder V16-2],8,8,"",false,false,0,"",3,"",false,true,true,4,13,200,false,0,0,57,"",[Motz144] CBA - 6x Team Gunpowder V16-2.aoe2scenario,eastus,true,3,0,true,false,0,true,0,14000,0,1650931226,1650931226,1650932296
156296579,"",54d7dea8-1433-1749-8e43-d2c6e45def39,59165,AUTOMATCH,2,2,"",false,false,5,"",0,"",true,true,true,0,9,200,true,3,2,1,"","",eastus,false,2,2,true,true,0,false,1,0,0,1650931243,1650931243,1650932228
156296591,"",01d3bd2f-28c3-3343-a797-7878cece63d1,59165,AUTOMATCH,2,2,"",false,false,5,"",0,"",true,true,true,0,77,200,true,3,2,1,"","",eastus,false,2,2,true,true,0,false,1,0,0,1650931252,1650931252,1650931591
156296658,"",ea39b457-9c05-4548-91ca-37b729b96b1b,59165,AUTOMATCH,2,2,"",false,false,5,"",0,"",true,true,true,0,9,200,true,3,2,1,"","",brazilsouth,false,2,2,true,true,0,false,1,0,0,1650931247,1650931247,1650931944
156296592,"",c921be4a-a704-e64f-b202-01033f602df8,59165,AUTOMATCH,6,6,"",false,false,5,"",0,"",true,true,true,3,16,200,true,4,4,1,"","",brazilsouth,false,2,2,true,true,0,false,1,0,0,1650931256,1650931256,1650931341
156296593,"",a7a7e31a-3ccd-6c47-bac9-7ab0d4cef449,59165,AUTOMATCH,2,2,"",false,false,5,"",0,"",true,true,true,0,77,200,true,3,2,1,"","",eastus,false,2,2,true,true,0,false,1,0,0,1650931253,1650931253,1650933575
156296575,"",ab9420d6-48c3-054d-b825-7054c15e94be,59165,AUTOMATCH,2,2,"",false,false,5,"",0,"",true,true,true,0,77,200,true,3,2,1,"","",westindia,false,2,2,true,true,0,false,1,0,0,1650931248,1650931248,1650932225
156296587,"",1e91c0e4-625d-5b43-9734-a385f1d06d61,59165,AUTOMATCH,8,8,"",false,false,5,"",0,"",true,true,true,4,29,200,true,4,4,1,"","",eastus,false,2,2,true,true,0,false,1,0,0,1650931254,1650931254,1650934011
156296584,"",6dac376e-c1aa-504a-9ba5-fef0570d2bd1,59165,AUTOMATCH,4,4,"",false,false,5,"",0,"",true,true,true,2,33,200,true,4,4,1,"","",eastus,false,2,2,true,true,0,false,1,0,0,1650931253,1650931253,1650933544
156296578,"",a1e8af82-c37a-724c-8577-a9ce3c5f913c,59165,AUTOMATCH,2,2,"",false,false,5,"",0,"",true,true,true,0,149,200,true,3,2,1,"","",eastus,false,2,2,true,true,0,false,1,0,0,1650931248,1650931248,1650931977
156296572,109775240942230658,0624e122-69f1-af4a-9827-5266208efb7c,59165,AUTOMATCH,2,2,"",false,false,5,"",0,"",true,true,true,0,77,200,"","",5,1,"","",brazilsouth,false,2,2,true,true,0,false,9,0,0,1650931259,1650931259,1650931529
156295504,"",e6e1b121-21dd-f141-ba89-e3d6b142952d,59165,ARENA 900+ 4x4 no Newbs,8,8,"",false,false,0,"",0,"",false,true,true,4,29,200,false,0,0,0,"","",brazilsouth,true,2,0,true,true,0,false,1,1,0,1650931258,1650931258,1650932670
156295278,109775240942208472,924d5cb7-afbb-9246-aa97-a3f898d3ca27,59165,困難AI  ~一起玩打發時間noob不會圍牆不要入,4,4,1315,false,false,0,"",0,"",false,true,true,4,12,250,false,0,0,0,"","",southeastasia,true,2,2,true,false,0,false,9,1,1,1650931260,1650931260,1650933239
156296574,"",853b407c-3a45-0a4f-8f23-e6c4ed798466,59165,AUTOMATCH,8,8,"",false,false,5,"",0,"",true,true,true,4,29,200,true,4,4,1,"","",eastus,false,2,2,true,true,0,false,1,0,0,1650931250,1650931250,1650932223
156296647,"",3f9cf735-562b-7c4d-a07a-544c82753e50,"",AUTOMATCH,2,2,"",false,false,5,"",0,"",true,true,true,0,9,200,true,3,2,1,"","",eastus,false,2,2,true,true,0,false,1,0,0,1650931260,1650931260,1650931270
156296602,109775240942231083,76907cea-2913-ed49-b770-06fcd9e1cd7a,59165,Ballz_Deep's Game,2,2,1017,false,false,0,"",15,"",false,false,false,0,13,200,false,0,0,0,"",34962,eastus,false,2,0,true,false,0,false,0,1,0,1650931262,1650931262,1650933119
156296613,"",1d8125d9-1769-6043-b801-57495f72e751,59165,Partida de Kroggan6201,2,2,989,false,false,0,"",0,"",false,false,false,0,26,200,false,0,0,0,"","",brazilsouth,false,2,0,true,false,0,false,9,1,0,1650931262,1650931262,1650933569
156296426,109775240942227805,8895dfd3-a54d-4940-b08b-55d2c0d8aae7,59165,1 vs 1  nomada noob,2,2,1704,false,false,0,"",0,"",false,true,true,1,33,200,false,0,0,0,"","",brazilsouth,true,2,2,true,false,0,false,9,1,0,1650931262,1650931262,1650932489
156296718,"",672ba7bf-a03e-5d42-b634-fca29f2b78c3,59165,AUTOMATCH,2,2,"",false,false,5,"",0,"",true,true,true,0,9,200,true,3,2,1,"","",brazilsouth,false,2,2,true,true,0,false,1,0,0,1650931272,1650931272,1650932796
156296662,"",c2da10ab-34b4-2c4f-8d56-46b978c99880,59165,AUTOMATCH,2,2,"",false,false,5,"",0,"",true,true,true,0,29,200,true,3,2,1,"","",eastus,false,2,2,true,true,0,false,1,0,0,1650931269,1650931269,1650932661
156296714,"",83ab6a7a-72de-1443-88b6-64e40fd384ce,59165,AUTOMATCH,2,2,"",false,false,5,"",0,"",true,true,true,0,72,200,true,3,2,1,"","",brazilsouth,false,2,2,true,true,0,false,1,0,0,1650931273,1650931273,1650931364
156296614,109775240942231427,0109f3ef-dcf3-6648-a5e3-ee3ccdd686c8,59165,TheWalkingMeme's Game,3,3,1000,false,false,0,"",0,"",true,true,true,3,174,200,false,0,0,0,"","",eastus,true,2,0,true,false,0,false,9,1,0,1650931274,1650931274,1650938684
156296640,"",5cf19775-536e-0e4e-9304-8fd2d6869b48,59165,AUTOMATCH,2,2,"",false,false,5,"",0,"",true,true,true,0,9,200,true,3,2,1,"","",brazilsouth,false,2,2,true,true,0,false,1,0,0,1650931279,1650931279,1650932421
156296655,"",7729ee11-7730-aa4b-be6a-40bb2b98fb31,59165,AUTOMATCH,2,2,"",false,false,5,"",0,"",true,true,true,0,9,200,true,3,2,1,"","",westus2,false,2,2,true,true,0,false,1,0,0,1650931276,1650931276,1650931411
156296722,"",b24f6106-3a2f-444d-afcd-22224995a1f1,59165,AUTOMATCH,2,2,"",false,false,5,"",0,"",true,true,true,0,149,200,"","",5,1,"","",eastus,false,2,2,true,true,0,false,9,0,0,1650931282,1650931282,1650933239
156296729,"",d8457bb4-61e8-3546-8177-512f36ec8cbd,59165,AUTOMATCH,2,2,"",false,false,5,"",0,"",true,true,true,0,77,200,true,3,2,1,"","",eastus,false,2,2,true,true,0,false,1,0,0,1650931286,1650931286,1650932674
156296715,"",e5af6494-1cc2-b347-a582-4dd05fe956f7,59165,AUTOMATCH,2,2,"",false,false,5,"",13,"",true,true,true,0,171,200,true,13,13,1,"","",eastus,false,2,3,true,true,0,false,1,0,0,1650931286,1650931286,1650931816
156296645,"",1afe11e6-b511-044e-87b3-cc3dfa306cbe,59165,AUTOMATCH,4,4,"",false,false,5,"",0,"",true,true,true,2,29,200,true,4,4,1,"","",brazilsouth,false,2,2,true,true,0,false,1,0,0,1650931288,1650931288,1650932272
156296648,"",c0fca567-1783-644e-8c49-0c2f533c5d0b,59165,AUTOMATCH,2,2,"",false,false,5,"",0,"",true,true,true,0,72,200,true,3,2,1,"","",brazilsouth,false,2,2,true,true,0,false,1,0,0,1650931283,1650931283,1650932478
156296644,"",7ebdb442-272b-f14f-b7c7-3a9263dda30d,59165,AUTOMATCH,8,8,"",false,false,5,"",0,"",true,true,true,4,29,200,true,4,4,1,"","",eastus,false,2,2,true,true,0,false,1,0,0,1650931290,1650931290,1650932925
156296646,"",b2c76722-b048-f641-9810-5107097ee623,59165,AUTOMATCH,2,2,"",false,false,5,"",0,"",true,true,true,0,19,200,true,3,2,1,"","",ukwest,false,2,2,true,true,0,false,1,0,0,1650931284,1650931284,1650933238
156296638,"",05502259-f193-1540-b942-72e6609e76d9,59165,AUTOMATCH,8,8,"",false,false,5,"",0,"",true,true,true,4,16,200,true,4,4,1,"","",eastus,false,2,2,true,true,0,false,1,0,0,1650931289,1650931289,1650934035
156296665,"",98118ae3-d2bf-b24b-9d2e-a086f45978b5,59165,AUTOMATCH,2,2,"",false,false,5,"",0,"",true,true,true,0,9,200,true,3,2,1,"","",ukwest,false,2,2,true,true,0,false,1,0,0,1650931295,1650931295,1650932526
156296457,109775240942228098,0c0ce552-0ca8-0841-aba5-d2b83f5f6d69,59165,drm2mon's Game,2,2,1336,false,false,0,"",15,"",false,true,true,5,141,200,false,0,0,0,"",34961,westus2,false,2,0,false,false,0,false,0,1,0,1650931301,1650931301,1650934244
156296659,"",48b12a3e-d136-9244-a9b4-e3321a79cdf8,59165,AUTOMATCH,2,2,"",false,false,5,"",0,"",true,true,true,0,72,200,true,3,2,1,"","",eastus,false,2,2,true,true,0,false,1,0,0,1650931291,1650931291,1650933045
156296656,"",9bce793b-e311-204a-a9aa-4c884dd9cc86,59165,AUTOMATCH,8,8,"",false,false,5,"",0,"",true,true,true,4,31,200,true,4,4,1,"","",eastus,false,2,2,true,true,0,false,1,0,0,1650931293,1650931293,1650935179
156296724,"",8338b29b-3425-5341-bec4-b9c30f76d868,59165,AUTOMATCH,2,2,"",false,false,5,"",0,"",true,true,true,0,72,200,true,3,2,1,"","",brazilsouth,false,2,2,true,true,0,false,1,0,0,1650931291,1650931291,1650932701
156296782,"",e913785e-d653-1c45-b396-e82dd84e8d79,59165,AUTOMATCH,2,2,"",false,false,5,"",0,"",true,true,true,0,9,200,true,3,2,1,"","",brazilsouth,false,2,2,true,true,0,false,1,0,0,1650931309,1650931309,1650932954
156296778,"",0ea23050-fd5f-c74c-8752-71ee01cc9b7c,59165,AUTOMATCH,2,2,"",false,false,5,"",0,"",true,true,true,0,9,200,true,3,2,1,"","",eastus,false,2,2,true,true,0,false,1,0,0,1650931317,1650931317,1650932854
156296802,"",8a5d73ac-9ac3-1a49-bd1d-9cc2aadcce77,59165,AUTOMATCH,2,2,"",false,false,5,"",0,"",true,true,true,0,9,200,true,3,2,1,"","",eastus,false,2,2,true,true,0,false,1,0,0,1650931320,1650931320,1650932237
156296796,"",a33b0b23-a51f-254d-913e-3556447708d9,59165,AUTOMATCH,2,2,"",false,false,5,"",0,"",true,true,true,0,77,200,true,3,2,1,"","",brazilsouth,false,2,2,true,true,0,false,1,0,0,1650931321,1650931321,1650932227
156296434,109775240942227885,f0d736d8-90a2-9b45-b7e5-025ccff433fd,59165,4 vRS AI,4,4,1102,false,false,0,"",0,"",false,false,true,3,31,300,false,0,0,0,"","",brazilsouth,true,2,0,true,false,0,false,1,1,0,1650931322,1650931322,1650933839
156296804,109775240942235547,f04e33c1-c3b8-7845-b841-f69472831221,59165,Earl Grey's Game,1,1,1035,false,false,0,"",15,"",false,false,false,5,13,200,false,0,0,0,"",34962,ukwest,false,2,0,true,false,0,false,0,1,0,1650931322,1650931322,1650933239
156296730,"",d225addd-e594-7d46-8686-2288c6279d81,59165,AUTOMATCH,4,4,"",false,false,5,"",0,"",true,true,true,2,167,200,"","",6,1,"","",eastus,false,2,2,true,true,0,false,9,0,0,1650931321,1650931321,1650932195
156296733,"",040c8e24-6db9-e644-9c4e-48fb57cafcf1,59165,AUTOMATCH,2,2,"",false,false,5,"",0,"",true,true,true,0,9,200,true,3,2,1,"","",brazilsouth,false,2,2,true,true,0,false,1,0,0,1650931330,1650931330,1650931542
156296793,109775240942235491,6a9a02f5-32eb-534e-a531-086d9e6222d0,59165,AUTOMATCH,2,2,"",false,false,5,"",0,"",true,true,true,0,72,200,"","",5,1,"","",ukwest,false,2,2,true,true,0,false,9,0,0,1650931334,1650931334,1650933839
156296791,"",f0a889e4-aa89-2c4a-9ed2-b297ac1c6db5,59165,AUTOMATCH,2,2,"",false,false,5,"",0,"",true,true,true,0,9,200,true,3,2,1,"","",ukwest,false,2,2,true,true,0,false,1,0,0,1650931326,1650931326,1650932823
156296776,"",6a1a0027-9789-164f-b180-68cde92b8efa,59165,AUTOMATCH,2,2,"",false,false,5,"",0,"",true,true,true,0,149,200,true,3,2,1,"","",eastus,false,2,2,true,true,0,false,1,0,0,1650931323,1650931323,1650933074
156296721,"",fa80d233-bd0e-fd4a-9832-5b73ca97a91f,59165,AUTOMATCH,6,6,"",false,false,5,"",0,"",true,true,true,3,33,200,true,4,4,1,"","",eastus,false,2,2,true,true,0,false,1,0,0,1650931330,1650931330,1650932530
156296711,"",ef7123f4-315f-2040-99c0-ad1fcefff4ac,59165,AUTOMATCH,8,8,"",false,false,5,"",0,"",true,true,true,4,29,200,true,4,4,1,"","",eastus,false,2,2,true,true,0,false,1,0,0,1650931329,1650931329,1650933376
156296712,"",6675bb02-c4be-cb46-8dab-9f7044589c0b,59165,AUTOMATCH,2,2,"",false,false,5,"",0,"",true,true,true,0,167,200,true,3,2,1,"","",westus2,false,2,2,true,true,0,false,1,0,0,1650931324,1650931324,1650932643
156296725,"",5b1983ff-8b18-7548-aabd-444347688af6,59165,AUTOMATCH,4,4,"",false,false,5,"",0,"",true,true,true,2,77,200,true,4,4,1,"","",brazilsouth,false,2,2,true,true,0,false,1,0,0,1650931334,1650931334,1650933131
156296716,"",3b3cc8ce-f0c8-3046-b9d0-ae6bd9cf0a0b,59165,AUTOMATCH,2,2,"",false,false,5,"",0,"",true,true,true,0,72,200,true,3,2,1,"","",westus2,false,2,2,true,true,0,false,1,0,0,1650931331,1650931331,1650933126
156296734,"",3865c4cd-2632-8c4c-874f-0b169a10ce63,59165,AUTOMATCH,2,2,"",false,false,5,"",0,"",true,true,true,0,29,200,true,3,2,1,"","",eastus,false,2,2,true,true,0,false,1,0,0,1650931331,1650931331,1650932610
156295976,109775240942220671,e8aa6ac1-5230-4946-a0af-af3d421ce6e1,59165,4v4 NOMAD,8,8,1866,false,false,0,"",0,"",false,true,true,4,141,200,false,0,0,0,"","",eastus,false,2,0,true,false,0,false,9,1,0,1650931334,1650931334,1650931694
156296571,"",ad8633b5-b2fa-b04c-ac64-c03683d85b55,59165,BF 4 vs 4  - no quitter,8,8,"",false,false,0,"",0,"",false,true,true,4,12,200,false,0,0,0,"","",westeurope,false,2,0,true,false,0,false,9,1,1,1650931333,1650931333,1650933491
156296388,109775240942226945,8f757340-5cc5-c141-9148-6234dc02e221,59165,2v2 noobs,4,4,1452,false,false,0,"",0,"",false,true,true,2,147,200,false,0,0,0,"","",brazilsouth,true,3,0,true,false,0,false,9,1,1,1650931342,1650931342,1650932789
156296784,"",6e501655-23d1-994f-baa3-59f5eb59b427,59165,AUTOMATCH,2,2,"",false,false,5,"",0,"",true,true,true,0,9,200,true,3,2,1,"","",ukwest,false,2,2,true,true,0,false,1,0,0,1650931337,1650931337,1650933104
156296775,"",25ba6a2a-05eb-3644-9092-4e7734e046ee,59165,AUTOMATCH,2,2,"",false,false,5,"",0,"",true,true,true,0,9,200,true,3,2,1,"","",brazilsouth,false,2,2,true,true,0,false,1,0,0,1650931335,1650931335,1650932096
156296760,109775240942234693,087873f6-f31b-6d43-93a9-2a0bf82a592f,59165,lifetuna's Game,2,2,1080,false,false,0,"",15,"",false,false,false,2,13,200,false,0,0,0,"",35319,westeurope,false,2,0,true,false,0,false,0,14000,0,1650931343,1650931343,1650932564
156294920,109775240942201284,5cf6cd3b-c551-f646-8990-b65c9876f3f5,59165,Wololo!,2,2,1248,false,false,0,"",13,"",true,false,true,5,12,200,false,0,0,3,"","",eastus,true,2,6,true,false,0,false,1,1,0,1650931344,1650931344,1650931649
156296798,"",81462e92-2dc7-634d-9957-d95111aa8c97,59165,AUTOMATCH,4,4,"",false,false,5,"",0,"",true,true,true,2,29,200,true,4,4,1,"","",eastus,false,2,2,true,true,0,false,1,0,0,1650931349,1650931349,1650932915
156296874,"",e120473a-8a95-d34a-bd32-b602a013712b,59165,AUTOMATCH,2,2,"",false,false,5,"",0,"",true,true,true,0,9,200,true,3,2,1,"","",westus2,false,2,2,true,true,0,false,1,0,0,1650931355,1650931355,1650932473
156296327,109775240942226171,8fdc3485-dd08-3448-935c-e8e4014cfde4,59165,3v3 or 2v2 or 1v1 noobs,4,4,1230,false,false,5,"",2,"",false,true,true,4,12,400,false,0,0,4,"","",eastus,false,3,6,true,false,0,false,1,1,0,1650931362,1650931362,1650934829
156296780,109775240942235311,a5ca68e7-4103-0b4a-a6e9-a201995f6c0b,59165,feirenniuxiang's Game,2,2,1000,false,false,0,"",0,"",true,false,false,1,148,250,false,0,0,0,"","",ukwest,false,3,0,true,false,0,false,1,1,0,1650931362,1650931362,1650932429
156296830,109775240942236435,abe041dd-7a2b-eb47-9f9d-c81d8aba584e,59165,Partie de tony-montana,2,2,1000,false,false,0,"",15,"",false,false,false,1,13,200,false,0,0,0,"",35612,ukwest,false,2,0,true,false,0,false,0,14000,0,1650931362,1650931362,1650932819
156296779,"",27470ba7-24fb-3d4a-9e9a-913a1ce11677,59165,AUTOMATCH,4,4,"",false,false,5,"",0,"",true,true,true,2,9,200,true,4,4,1,"","",brazilsouth,false,2,2,true,true,0,false,1,0,0,1650931353,1650931353,1650933196
156296806,"",78c26695-4a5c-0b4a-b06d-9ffe3555c3c6,59165,AUTOMATCH,2,2,"",false,false,5,"",0,"",true,true,true,0,29,200,true,3,2,1,"","",eastus,false,2,2,true,true,0,false,1,0,0,1650931353,1650931353,1650933119
156296861,"",c074472a-50b3-5444-afa7-d36b7f20aa19,59165,AUTOMATCH,2,2,"",false,false,5,"",0,"",true,true,true,0,167,200,true,3,2,1,"","",eastus,false,2,2,true,true,0,false,1,0,0,1650931353,1650931353,1650932741
156296853,"",a0250406-d917-d345-b068-015f9c8796ce,59165,AUTOMATCH,2,2,"",false,false,5,"",0,"",true,true,true,0,167,200,true,3,2,1,"","",eastus,false,2,2,true,true,0,false,1,0,0,1650931361,1650931361,1650932350
156294523,"",e32412e5-2dd3-7b4e-9170-66075010b562,59165,Sir Baron's Game,2,2,"",false,false,0,"",15,"",false,true,true,1,13,200,false,0,0,0,FOREST NOTHING DE.rms,34959,eastus,false,2,0,true,false,0,false,0,1,0,1650931346,1650931346,1650932042
156296863,"",d0cd7f85-ca0d-5c4b-8f78-55ed2e943e6d,59165,AUTOMATCH,2,2,"",false,false,5,"",0,"",true,true,true,0,9,200,true,3,2,1,"","",ukwest,false,2,2,true,true,0,false,1,0,0,1650931364,1650931364,1650932462
156296857,"",1bebeaf0-7521-fa48-a2d6-4afa19a01a87,59165,AUTOMATCH,2,2,"",false,false,5,"",0,"",true,true,true,0,77,200,true,3,2,1,"","",eastus,false,2,2,true,true,0,false,1,0,0,1650931376,1650931376,1650933164
156296800,"",0a6ebb31-7d5b-054e-a528-fdbde265243d,59165,AUTOMATCH,2,2,"",false,false,5,"",0,"",true,true,true,0,149,200,true,3,2,1,"","",brazilsouth,false,2,2,true,true,0,false,1,0,0,1650931371,1650931371,1650933055
156296787,"",e86fccba-8895-fd45-9f0b-f0c08352e469,59165,AUTOMATCH,2,2,"",false,false,5,"",0,"",true,true,true,0,167,200,true,3,2,1,"","",westus2,false,2,2,true,true,0,false,1,0,0,1650931366,1650931366,1650932670
156296785,"",5d7ef175-ea40-4246-a1da-2ad2b4499bc5,59165,AUTOMATCH,4,4,"",false,false,5,"",0,"",true,true,true,2,12,200,true,4,4,1,"","",eastus,false,2,2,true,true,0,false,1,0,1,1650931367,1650931367,1650934698
